semana,demanda_real,lag_1,lag_2,lag_3,lag_4,promedio_movil_4,promedio_movil_8,mes,semana_del_anio,trimestre,demanda_predicha,quiebre_stock
2017-01-02,47,1.0,40.0,322.0,1.0,102.5,52.125,1,1,1,102.5,0
2017-01-09,89,47.0,1.0,40.0,322.0,44.25,63.0,1,2,1,44.25,1
2017-01-16,239,89.0,47.0,1.0,40.0,94.0,92.75,1,3,1,94.0,1
2017-01-23,420,239.0,89.0,47.0,1.0,198.75,144.875,1,4,1,198.75,1
2017-01-30,522,420.0,239.0,89.0,47.0,317.5,210.0,1,5,1,317.5,1
2017-02-06,587,522.0,420.0,239.0,89.0,442.0,243.125,2,6,1,442.0,1
2017-02-13,451,587.0,522.0,420.0,239.0,495.0,294.5,2,7,1,495.0,0
2017-02-20,431,451.0,587.0,522.0,420.0,497.75,348.25,2,8,1,497.75,0
2017-02-27,557,431.0,451.0,587.0,522.0,506.5,412.0,2,9,1,506.5,1
2017-03-06,664,557.0,431.0,451.0,587.0,525.75,483.875,3,10,1,525.75,1
2017-03-13,695,664.0,557.0,431.0,451.0,586.75,540.875,3,11,1,586.75,1
2017-03-20,727,695.0,664.0,557.0,431.0,660.75,579.25,3,12,1,660.75,1
2017-03-27,624,727.0,695.0,664.0,557.0,677.5,592.0,3,13,1,677.5,0
2017-04-03,653,624.0,727.0,695.0,664.0,674.75,600.25,4,14,2,674.75,0
2017-04-10,476,653.0,624.0,727.0,695.0,620.0,603.375,4,15,2,620.0,0
2017-04-17,641,476.0,653.0,624.0,727.0,598.5,629.625,4,16,2,598.5,1
2017-04-24,767,641.0,476.0,653.0,624.0,634.25,655.875,4,17,2,634.25,1
2017-05-01,870,767.0,641.0,476.0,653.0,688.5,681.625,5,18,2,688.5,1
2017-05-08,892,870.0,767.0,641.0,476.0,792.5,706.25,5,19,2,792.5,1
2017-05-15,1052,892.0,870.0,767.0,641.0,895.25,746.875,5,20,2,895.25,1
2017-05-22,884,1052.0,892.0,870.0,767.0,924.5,779.375,5,21,2,924.5,0
2017-05-29,916,884.0,1052.0,892.0,870.0,936.0,812.25,5,22,2,936.0,0
2017-06-05,938,916.0,884.0,1052.0,892.0,947.5,870.0,6,23,2,947.5,0
2017-06-12,847,938.0,916.0,884.0,1052.0,896.25,895.75,6,24,2,896.25,0
2017-06-19,737,847.0,938.0,916.0,884.0,859.5,892.0,6,25,2,859.5,0
2017-06-26,795,737.0,847.0,938.0,916.0,829.25,882.625,6,26,2,829.25,0
2017-07-03,912,795.0,737.0,847.0,938.0,822.75,885.125,7,27,3,822.75,1
2017-07-10,1089,912.0,795.0,737.0,847.0,883.25,889.75,7,28,3,883.25,1
2017-07-17,1092,1089.0,912.0,795.0,737.0,972.0,915.75,7,29,3,972.0,1
2017-07-24,1048,1092.0,1089.0,912.0,795.0,1035.25,932.25,7,30,3,1035.25,1
2017-07-31,1098,1048.0,1092.0,1089.0,912.0,1081.75,952.25,7,31,3,1081.75,1
2017-08-07,1062,1098.0,1048.0,1092.0,1089.0,1075.0,979.125,8,32,3,1075.0,0
2017-08-14,1168,1062.0,1098.0,1048.0,1092.0,1094.0,1033.0,8,33,3,1094.0,1
2017-08-21,1051,1168.0,1062.0,1098.0,1048.0,1094.75,1065.0,8,34,3,1094.75,0
2017-08-28,1140,1051.0,1168.0,1062.0,1098.0,1105.25,1093.5,8,35,3,1105.25,1
2017-09-04,1007,1140.0,1051.0,1168.0,1062.0,1091.5,1083.25,9,36,3,1091.5,0
2017-09-11,1301,1007.0,1140.0,1051.0,1168.0,1124.75,1109.375,9,37,3,1124.75,1
2017-09-18,1136,1301.0,1007.0,1140.0,1051.0,1146.0,1120.375,9,38,3,1146.0,0
2017-09-25,1089,1136.0,1301.0,1007.0,1140.0,1133.25,1119.25,9,39,3,1133.25,0
2017-10-02,1134,1089.0,1136.0,1301.0,1007.0,1165.0,1128.25,10,40,4,1165.0,0
2017-10-09,1195,1134.0,1089.0,1136.0,1301.0,1138.5,1131.625,10,41,4,1138.5,1
2017-10-16,1340,1195.0,1134.0,1089.0,1136.0,1189.5,1167.75,10,42,4,1189.5,1
2017-10-23,1145,1340.0,1195.0,1134.0,1089.0,1203.5,1168.375,10,43,4,1203.5,0
2017-10-30,1101,1145.0,1340.0,1195.0,1134.0,1195.25,1180.125,10,44,4,1195.25,0
2017-11-06,1362,1101.0,1145.0,1340.0,1195.0,1237.0,1187.75,11,45,4,1237.0,1
2017-11-13,1502,1362.0,1101.0,1145.0,1340.0,1277.5,1233.5,11,46,4,1277.5,1
2017-11-20,3497,1502.0,1362.0,1101.0,1145.0,1865.5,1534.5,11,47,4,1865.5,1
2017-11-27,2374,3497.0,1502.0,1362.0,1101.0,2183.75,1689.5,11,48,4,2183.75,1
2017-12-04,1875,2374.0,3497.0,1502.0,1362.0,2312.0,1774.5,12,49,4,2312.0,0
2017-12-11,1571,1875.0,2374.0,3497.0,1502.0,2329.25,1803.375,12,50,4,2329.25,0
2017-12-18,1094,1571.0,1875.0,2374.0,3497.0,1728.5,1797.0,12,51,4,1728.5,0
2017-12-25,960,1094.0,1571.0,1875.0,2374.0,1375.0,1779.375,12,52,4,1375.0,0
2018-01-01,1561,960.0,1094.0,1571.0,1875.0,1296.5,1804.25,1,1,1,1296.5,1
2018-01-08,2004,1561.0,960.0,1094.0,1571.0,1404.75,1867.0,1,2,1,1404.75,1
2018-01-15,1960,2004.0,1561.0,960.0,1094.0,1621.25,1674.875,1,3,1,1621.25,1
2018-01-22,1797,1960.0,2004.0,1561.0,960.0,1830.5,1602.75,1,4,1,1830.5,0
2018-01-29,1841,1797.0,1960.0,2004.0,1561.0,1900.5,1598.5,1,5,1,1900.5,0
2018-02-05,1762,1841.0,1797.0,1960.0,2004.0,1840.0,1622.375,2,6,1,1840.0,0
2018-02-12,1877,1762.0,1841.0,1797.0,1960.0,1819.25,1720.25,2,7,1,1819.25,1
2018-02-19,2020,1877.0,1762.0,1841.0,1797.0,1875.0,1852.75,2,8,1,1875.0,1
2018-02-26,2157,2020.0,1877.0,1762.0,1841.0,1954.0,1927.25,2,9,1,1954.0,1
2018-03-05,1865,2157.0,2020.0,1877.0,1762.0,1979.75,1909.875,3,10,1,1979.75,0
2018-03-12,1804,1865.0,2157.0,2020.0,1877.0,1961.5,1890.375,3,11,1,1961.5,0
2018-03-19,1996,1804.0,1865.0,2157.0,2020.0,1955.5,1915.25,3,12,1,1955.5,1
2018-03-26,1685,1996.0,1804.0,1865.0,2157.0,1837.5,1895.75,3,13,1,1837.5,0
2018-04-02,1800,1685.0,1996.0,1804.0,1865.0,1821.25,1900.5,4,14,2,1821.25,0
2018-04-09,1807,1800.0,1685.0,1996.0,1804.0,1822.0,1891.75,4,15,2,1822.0,0
2018-04-16,1932,1807.0,1800.0,1685.0,1996.0,1806.0,1880.75,4,16,2,1806.0,1
2018-04-23,1919,1932.0,1807.0,1800.0,1685.0,1864.5,1851.0,4,17,2,1864.5,1
2018-04-30,2028,1919.0,1932.0,1807.0,1800.0,1921.5,1871.375,4,18,2,1921.5,1
2018-05-07,2295,2028.0,1919.0,1932.0,1807.0,2043.5,1932.75,5,19,2,2043.5,1
2018-05-14,2136,2295.0,2028.0,1919.0,1932.0,2094.5,1950.25,5,20,2,2094.5,1
2018-05-21,1107,2136.0,2295.0,2028.0,1919.0,1891.5,1878.0,5,21,2,1891.5,0
2018-05-28,1230,1107.0,2136.0,2295.0,2028.0,1692.0,1806.75,5,22,2,1692.0,0
2018-06-04,1676,1230.0,1107.0,2136.0,2295.0,1537.25,1790.375,6,23,2,1537.25,1
2018-06-11,1729,1676.0,1230.0,1107.0,2136.0,1435.5,1765.0,6,24,2,1435.5,1
2018-06-18,1651,1729.0,1676.0,1230.0,1107.0,1571.5,1731.5,6,25,2,1571.5,1
2018-06-25,1622,1651.0,1729.0,1676.0,1230.0,1669.5,1680.75,6,26,2,1669.5,0
2018-07-02,1345,1622.0,1651.0,1729.0,1676.0,1586.75,1562.0,7,27,3,1586.75,0
2018-07-09,1099,1345.0,1622.0,1651.0,1729.0,1429.25,1432.375,7,28,3,1429.25,0
2018-07-16,1873,1099.0,1345.0,1622.0,1651.0,1484.75,1528.125,7,29,3,1484.75,1
2018-07-23,1900,1873.0,1099.0,1345.0,1622.0,1554.25,1611.875,7,30,3,1554.25,1
2018-07-30,2305,1900.0,1873.0,1099.0,1345.0,1794.25,1690.5,7,31,3,1794.25,1
2018-08-06,2254,2305.0,1900.0,1873.0,1099.0,2083.0,1756.125,8,32,3,2083.0,1
2018-08-13,2054,2254.0,2305.0,1900.0,1873.0,2128.25,1806.5,8,33,3,2128.25,0
2018-08-20,1192,2054.0,2254.0,2305.0,1900.0,1951.25,1752.75,8,34,3,1951.25,0
2018-08-27,132,1192.0,2054.0,2254.0,2305.0,1408.0,1601.125,8,35,3,1408.0,0
2018-09-03,1,132.0,1192.0,2054.0,2254.0,844.75,1463.875,9,36,3,844.75,0
